{
    "ML Model Name": "Decision Tree",
    "Accuracy": 0.6475555555555556,
    "AUC": 0.8791323616508542,
    "Precision": 0.6482124781754883,
    "Recall": 0.6475310799912128,
    "F1": 0.6474469742457964,
    "MCC": 0.6241125295601685
}