{
    "ML Model Name": "Naive Bayes",
    "Accuracy": 0.9114444444444444,
    "AUC": 0.9925038983950463,
    "Precision": 0.9118781314429911,
    "Recall": 0.9114071096982005,
    "F1": 0.911349700842268,
    "MCC": 0.9055798302897614
}