{
    "ML Model Name": "kNN",
    "Accuracy": 0.9868888888888889,
    "AUC": 0.9947523124375263,
    "Precision": 0.9868994629019667,
    "Recall": 0.9868872287663386,
    "F1": 0.9868821327895048,
    "MCC": 0.9860163041750165
}