{
    "ML Model Name": "Logistic Regression",
    "Accuracy": 0.9191111111111111,
    "AUC": 0.9932121543506928,
    "Precision": 0.9194236721734257,
    "Recall": 0.9190875502234259,
    "F1": 0.919161207980955,
    "MCC": 0.9137309635379691
}