{
    "ML Model Name": "Random Forest (Ensemble)",
    "Accuracy": 0.9773333333333334,
    "AUC": 0.9941325720278194,
    "Precision": 0.9773496294727277,
    "Recall": 0.9773304319960959,
    "F1": 0.9773243390673758,
    "MCC": 0.9758243007988056
}