{
    "ML Model Name": "XGBoost (Ensemble)",
    "Accuracy": 0.9824444444444445,
    "AUC": 0.9950125511885712,
    "Precision": 0.9824637429561757,
    "Recall": 0.982441171730406,
    "F1": 0.98243936657474,
    "MCC": 0.9812758128946081
}